Time(UTC),prs(m),rad(m)
2019-11-29 00:00:00,2.32,3.6
2019-11-29 00:01:00,2.338,3.61
2019-11-29 00:02:00,2.342,3.615
2019-11-29 00:03:00,2.335,3.622
2019-11-29 00:04:00,2.358,3.625
2019-11-29 00:05:00,2.34,3.632
2019-11-29 00:06:00,2.359,3.631
2019-11-29 00:07:00,2.356,3.635
2019-11-29 00:08:00,2.379,3.645
2019-11-29 00:09:00,2.374,3.651
2019-11-29 00:10:00,2.399,3.651
2019-11-29 00:11:00,2.376,3.658
2019-11-29 00:12:00,2.406,3.663
2019-11-29 00:13:00,2.36,3.666
2019-11-29 00:14:00,2.401,3.659
2019-11-29 00:15:00,2.442,3.66
2019-11-29 00:16:00,2.41,3.663
2019-11-29 00:17:00,2.388,3.669
2019-11-29 00:18:00,2.414,3.669
2019-11-29 00:19:00,2.408,3.68
2019-11-29 00:20:00,2.402,3.685
2019-11-29 00:21:00,2.423,3.688
2019-11-29 00:22:00,2.469,3.69
2019-11-29 00:23:00,2.418,3.706
2019-11-29 00:24:00,2.419,3.716
2019-11-29 00:25:00,2.459,3.72
2019-11-29 00:26:00,2.434,3.724
2019-11-29 00:27:00,2.434,3.73
2019-11-29 00:28:00,2.438,3.734
2019-11-29 00:29:00,2.46,3.739
2019-11-29 00:30:00,2.497,3.747
2019-11-29 00:31:00,2.472,3.76
2019-11-29 00:32:00,2.473,3.764
2019-11-29 00:33:00,2.494,3.762
2019-11-29 00:34:00,2.506,3.766
2019-11-29 00:35:00,2.514,3.771
2019-11-29 00:36:00,2.495,3.779
2019-11-29 00:37:00,2.467,3.782
2019-11-29 00:38:00,2.515,3.776
2019-11-29 00:39:00,2.525,3.776
2019-11-29 00:40:00,2.504,3.786
2019-11-29 00:41:00,2.512,3.794
2019-11-29 00:42:00,2.506,3.808
2019-11-29 00:43:00,2.548,3.817
2019-11-29 00:44:00,2.515,3.823
2019-11-29 00:45:00,2.556,3.826
2019-11-29 00:46:00,2.567,3.825
2019-11-29 00:47:00,2.542,3.824
2019-11-29 00:48:00,2.524,3.821
2019-11-29 00:49:00,2.534,3.822
2019-11-29 00:50:00,2.592,3.832
2019-11-29 00:51:00,2.589,3.847
2019-11-29 00:52:00,2.575,3.865
2019-11-29 00:53:00,2.629,3.878
2019-11-29 00:54:00,2.623,3.897
2019-11-29 00:55:00,2.655,3.906
2019-11-29 00:56:00,2.633,3.907
2019-11-29 00:57:00,2.666,3.906
2019-11-29 00:58:00,2.656,3.906
2019-11-29 00:59:00,2.634,3.903
2019-11-29 01:00:00,2.656,3.91
2019-11-29 01:01:00,2.681,3.922
2019-11-29 01:02:00,2.684,3.933
2019-11-29 01:03:00,2.7,3.931
2019-11-29 01:04:00,2.645,3.932
2019-11-29 01:05:00,2.697,3.935
2019-11-29 01:06:00,2.657,3.949
2019-11-29 01:07:00,2.645,3.955
2019-11-29 01:08:00,2.687,3.956
2019-11-29 01:09:00,2.667,3.962
2019-11-29 01:10:00,2.684,3.967
2019-11-29 01:11:00,2.713,3.968
2019-11-29 01:12:00,2.682,3.971
2019-11-29 01:13:00,2.716,3.969
2019-11-29 01:14:00,2.67,3.971
2019-11-29 01:15:00,2.675,3.974
2019-11-29 01:16:00,2.714,3.983
2019-11-29 01:17:00,2.684,3.995
2019-11-29 01:18:00,2.741,3.992
2019-11-29 01:19:00,2.765,3.993
2019-11-29 01:20:00,2.78,4.007
2019-11-29 01:21:00,2.719,4.018
2019-11-29 01:22:00,2.75,4.019
2019-11-29 01:23:00,2.771,4.025
2019-11-29 01:24:00,2.769,4.035
2019-11-29 01:25:00,2.731,4.035
2019-11-29 01:26:00,2.763,4.041
2019-11-29 01:27:00,2.758,4.044
2019-11-29 01:28:00,2.8,4.043
2019-11-29 01:29:00,2.799,4.057
2019-11-29 01:30:00,2.783,4.068
2019-11-29 01:31:00,2.818,4.072
2019-11-29 01:32:00,2.817,4.077
2019-11-29 01:33:00,2.797,4.082
2019-11-29 01:34:00,2.854,4.087
2019-11-29 01:35:00,2.815,4.09
2019-11-29 01:36:00,2.846,4.092
2019-11-29 01:37:00,2.856,4.098
2019-11-29 01:38:00,2.85,4.108
2019-11-29 01:39:00,2.838,4.118
2019-11-29 01:40:00,2.819,4.118
2019-11-29 01:41:00,2.86,4.117
2019-11-29 01:42:00,2.851,4.122
2019-11-29 01:43:00,2.858,4.123
2019-11-29 01:44:00,2.891,4.129
2019-11-29 01:45:00,2.903,4.143
2019-11-29 01:46:00,2.931,4.153
2019-11-29 01:47:00,2.888,4.165
2019-11-29 01:48:00,2.885,4.163
2019-11-29 01:49:00,2.887,4.169
2019-11-29 01:50:00,2.881,4.172
2019-11-29 01:51:00,2.901,4.17
2019-11-29 01:52:00,2.893,4.173
2019-11-29 01:53:00,2.89,4.175
2019-11-29 01:54:00,2.921,4.175
2019-11-29 01:55:00,2.917,4.187
2019-11-29 01:56:00,2.886,4.19
2019-11-29 01:57:00,2.916,4.187
2019-11-29 01:58:00,2.913,4.189
2019-11-29 01:59:00,2.92,4.197
2019-11-29 02:00:00,2.949,4.201
2019-11-29 02:01:00,2.9,4.202
2019-11-29 02:02:00,2.936,4.199
2019-11-29 02:03:00,2.915,4.204
2019-11-29 02:04:00,2.911,4.204
2019-11-29 02:05:00,2.925,4.207
2019-11-29 02:06:00,2.943,4.215
2019-11-29 02:07:00,2.931,4.224
2019-11-29 02:08:00,2.98,4.228
2019-11-29 02:09:00,3.002,4.231
2019-11-29 02:10:00,2.989,4.242
2019-11-29 02:11:00,2.949,4.256
2019-11-29 02:12:00,3.035,4.266
2019-11-29 02:13:00,3.022,4.275
2019-11-29 02:14:00,2.993,4.279
2019-11-29 02:15:00,2.979,4.276
2019-11-29 02:16:00,3.052,4.274
2019-11-29 02:17:00,3.047,4.286
2019-11-29 02:18:00,3.013,4.295
2019-11-29 02:19:00,3.042,4.297
2019-11-29 02:20:00,3.016,4.302
2019-11-29 02:21:00,3.026,4.308
2019-11-29 02:22:00,3.042,4.313
2019-11-29 02:23:00,3.021,4.319
2019-11-29 02:24:00,3.057,4.322
2019-11-29 02:25:00,3.063,4.316
2019-11-29 02:26:00,3.038,4.31
2019-11-29 02:27:00,3.043,4.317
2019-11-29 02:28:00,3.062,4.324
2019-11-29 02:29:00,3.041,4.327
2019-11-29 02:30:00,3.055,4.328
2019-11-29 02:31:00,3.044,4.329
2019-11-29 02:32:00,3.04,4.332
2019-11-29 02:33:00,3.044,4.329
2019-11-29 02:34:00,3.07,4.329
2019-11-29 02:35:00,3.051,4.334
2019-11-29 02:36:00,3.057,4.332
2019-11-29 02:37:00,3.047,4.334
2019-11-29 02:38:00,3.07,4.332
2019-11-29 02:39:00,3.075,4.333
2019-11-29 02:40:00,3.062,4.335
2019-11-29 02:41:00,3.09,4.34
2019-11-29 02:42:00,3.05,4.345
2019-11-29 02:43:00,3.058,4.345
2019-11-29 02:44:00,3.076,4.347
2019-11-29 02:45:00,3.077,4.347
2019-11-29 02:46:00,3.096,4.35
2019-11-29 02:47:00,3.095,4.359
2019-11-29 02:48:00,3.112,4.357
2019-11-29 02:49:00,3.054,4.359
2019-11-29 02:50:00,3.101,4.359
2019-11-29 02:51:00,3.116,4.367
2019-11-29 02:52:00,3.085,4.371
2019-11-29 02:53:00,3.106,4.371
2019-11-29 02:54:00,3.124,4.372
2019-11-29 02:55:00,3.105,4.377
2019-11-29 02:56:00,3.123,4.384
2019-11-29 02:57:00,3.118,4.389
2019-11-29 02:58:00,3.143,4.394
2019-11-29 02:59:00,3.171,4.404
2019-11-29 03:00:00,3.13,4.409
2019-11-29 03:01:00,3.173,4.407
2019-11-29 03:02:00,3.15,4.408
2019-11-29 03:03:00,3.16,4.41
2019-11-29 03:04:00,3.153,4.409
2019-11-29 03:05:00,3.126,4.415
2019-11-29 03:06:00,3.138,4.419
2019-11-29 03:07:00,3.105,4.42
2019-11-29 03:08:00,3.145,4.412
2019-11-29 03:09:00,3.099,4.412
2019-11-29 03:10:00,3.108,4.411
2019-11-29 03:11:00,3.122,4.407
2019-11-29 03:12:00,3.119,4.403
2019-11-29 03:13:00,3.131,4.402
2019-11-29 03:14:00,3.159,4.408
2019-11-29 03:15:00,3.124,4.409
2019-11-29 03:16:00,3.133,4.404
2019-11-29 03:17:00,3.106,4.405
2019-11-29 03:18:00,3.118,4.404
2019-11-29 03:19:00,3.148,4.403
2019-11-29 03:20:00,3.157,4.396
2019-11-29 03:21:00,3.116,4.395
2019-11-29 03:22:00,3.114,4.395
2019-11-29 03:23:00,3.162,4.397
2019-11-29 03:24:00,3.156,4.403
2019-11-29 03:25:00,3.184,4.412
2019-11-29 03:26:00,3.18,4.416
2019-11-29 03:27:00,3.151,4.428
2019-11-29 03:28:00,3.156,4.436
2019-11-29 03:29:00,3.15,4.436
2019-11-29 03:30:00,3.182,4.427
2019-11-29 03:31:00,3.149,4.43
2019-11-29 03:32:00,3.18,4.433
2019-11-29 03:33:00,3.175,4.427
2019-11-29 03:34:00,3.149,4.427
2019-11-29 03:35:00,3.168,4.431
2019-11-29 03:36:00,3.169,4.435
2019-11-29 03:37:00,3.158,4.438
2019-11-29 03:38:00,3.16,4.436
2019-11-29 03:39:00,3.138,4.438
2019-11-29 03:40:00,3.146,4.433
2019-11-29 03:41:00,3.159,4.429
2019-11-29 03:42:00,3.144,4.425
2019-11-29 03:43:00,3.151,4.423
2019-11-29 03:44:00,3.147,4.428
2019-11-29 03:45:00,3.136,4.431
2019-11-29 03:46:00,3.163,4.429
2019-11-29 03:47:00,3.136,4.426
2019-11-29 03:48:00,3.138,4.424
2019-11-29 03:49:00,3.138,4.42
2019-11-29 03:50:00,3.089,4.416
2019-11-29 03:51:00,3.156,4.41
2019-11-29 03:52:00,3.126,4.414
2019-11-29 03:53:00,3.174,4.414
2019-11-29 03:54:00,3.123,4.414
2019-11-29 03:55:00,3.118,4.413
2019-11-29 03:56:00,3.126,4.409
2019-11-29 03:57:00,3.133,4.41
2019-11-29 03:58:00,3.113,4.41
2019-11-29 03:59:00,3.121,4.408
2019-11-29 04:00:00,3.121,4.407
2019-11-29 04:01:00,3.157,4.406
2019-11-29 04:02:00,3.132,4.412
2019-11-29 04:03:00,3.127,4.412
2019-11-29 04:04:00,3.087,4.412
2019-11-29 04:05:00,3.139,4.408
2019-11-29 04:06:00,3.099,4.4
2019-11-29 04:07:00,3.101,4.399
2019-11-29 04:08:00,3.118,4.398
2019-11-29 04:09:00,3.141,4.399
2019-11-29 04:10:00,3.098,4.402
2019-11-29 04:11:00,3.117,4.402
2019-11-29 04:12:00,3.121,4.402
2019-11-29 04:13:00,3.139,4.393
2019-11-29 04:14:00,3.1,4.399
2019-11-29 04:15:00,3.125,4.404
2019-11-29 04:16:00,3.121,4.397
2019-11-29 04:17:00,3.133,4.394
2019-11-29 04:18:00,3.105,4.393
2019-11-29 04:19:00,3.106,4.39
2019-11-29 04:20:00,3.114,4.391
2019-11-29 04:21:00,3.085,4.387
2019-11-29 04:22:00,3.113,4.382
2019-11-29 04:23:00,3.108,4.377
2019-11-29 04:24:00,3.065,4.376
2019-11-29 04:25:00,3.081,4.379
2019-11-29 04:26:00,3.053,4.376
2019-11-29 04:27:00,3.106,4.369
2019-11-29 04:28:00,3.112,4.368
2019-11-29 04:29:00,3.081,4.371
2019-11-29 04:30:00,3.101,4.37
2019-11-29 04:31:00,3.08,4.366
2019-11-29 04:32:00,3.096,4.358
2019-11-29 04:33:00,3.036,4.346
2019-11-29 04:34:00,3.055,4.338
2019-11-29 04:40:00,3.055,4.324
2019-11-29 04:41:00,3.067,4.323
2019-11-29 04:42:00,3.073,4.325
2019-11-29 04:43:00,3.06,4.329
2019-11-29 04:44:00,3.039,4.333
2019-11-29 04:45:00,3.048,4.33
2019-11-29 04:46:00,3.031,4.329
2019-11-29 04:47:00,3.009,4.326
2019-11-29 04:48:00,3.047,4.323
2019-11-29 04:49:00,3.021,4.317
2019-11-29 04:50:00,3.057,4.311
2019-11-29 04:51:00,3.038,4.303
2019-11-29 04:52:00,3.018,4.297
2019-11-29 04:53:00,2.992,4.298
2019-11-29 04:54:00,3.007,4.292
2019-11-29 04:55:00,2.975,4.281
2019-11-29 04:56:00,2.976,4.279
2019-11-29 04:57:00,3,4.275
2019-11-29 04:58:00,2.978,4.27
2019-11-29 04:59:00,2.957,4.268
2019-11-29 05:00:00,2.981,4.266
2019-11-29 05:01:00,2.96,4.265
2019-11-29 05:02:00,2.981,4.26
2019-11-29 05:03:00,2.973,4.254
2019-11-29 05:04:00,2.926,4.247
2019-11-29 05:05:00,2.965,4.241
2019-11-29 05:06:00,2.943,4.236
2019-11-29 05:07:00,2.907,4.233
2019-11-29 05:08:00,2.965,4.226
2019-11-29 05:09:00,2.948,4.222
2019-11-29 05:10:00,2.945,4.221
2019-11-29 05:11:00,2.923,4.222
2019-11-29 05:12:00,2.928,4.216
2019-11-29 05:13:00,2.94,4.215
2019-11-29 05:14:00,2.919,4.212
2019-11-29 05:15:00,2.919,4.206
2019-11-29 05:16:00,2.946,4.203
2019-11-29 05:17:00,2.887,4.207
2019-11-29 05:18:00,2.928,4.202
2019-11-29 05:19:00,2.941,4.193
2019-11-29 05:20:00,2.859,4.183
2019-11-29 05:21:00,2.902,4.179
2019-11-29 05:22:00,2.875,4.182
2019-11-29 05:23:00,2.913,4.183
2019-11-29 05:24:00,2.876,4.18
2019-11-29 05:25:00,2.879,4.177
2019-11-29 05:26:00,2.884,4.173
2019-11-29 05:27:00,2.877,4.167
2019-11-29 05:28:00,2.881,4.165
2019-11-29 05:29:00,2.847,4.166
2019-11-29 05:30:00,2.88,4.161
2019-11-29 05:31:00,2.862,4.161
2019-11-29 05:32:00,2.866,4.158
2019-11-29 05:33:00,2.805,4.146
2019-11-29 05:34:00,2.863,4.139
2019-11-29 05:35:00,2.834,4.136
2019-11-29 05:36:00,2.79,4.132
2019-11-29 05:37:00,2.755,4.122
2019-11-29 05:38:00,2.804,4.1
2019-11-29 05:39:00,2.813,4.096
2019-11-29 05:40:00,2.785,4.09
2019-11-29 05:41:00,2.782,4.085
2019-11-29 05:42:00,2.806,4.082
2019-11-29 05:43:00,2.776,4.086
2019-11-29 05:44:00,2.736,4.078
2019-11-29 05:45:00,2.784,4.067
2019-11-29 05:46:00,2.761,4.058
2019-11-29 05:47:00,2.721,4.048
2019-11-29 05:48:00,2.724,4.041
2019-11-29 05:49:00,2.742,4.035
2019-11-29 05:50:00,2.706,4.032
2019-11-29 05:51:00,2.738,4.026
2019-11-29 05:52:00,2.744,4.023
2019-11-29 05:53:00,2.749,4.029
2019-11-29 05:54:00,2.703,4.024
2019-11-29 05:55:00,2.748,4.02
2019-11-29 05:56:00,2.739,4.025
2019-11-29 05:57:00,2.696,4.021
2019-11-29 05:58:00,2.686,4.01
2019-11-29 05:59:00,2.724,4.001
2019-11-29 06:00:00,2.705,4
2019-11-29 06:01:00,2.725,4
2019-11-29 06:02:00,2.703,3.997
2019-11-29 06:03:00,2.7,3.996
2019-11-29 06:04:00,2.692,3.991
2019-11-29 06:05:00,2.699,3.987
2019-11-29 06:06:00,2.669,3.983
2019-11-29 06:07:00,2.651,3.974
2019-11-29 06:08:00,2.649,3.962
2019-11-29 06:09:00,2.628,3.955
2019-11-29 06:10:00,2.65,3.946
2019-11-29 06:11:00,2.614,3.942
2019-11-29 06:12:00,2.612,3.931
2019-11-29 06:13:00,2.602,3.919
2019-11-29 06:14:00,2.606,3.911
2019-11-29 06:15:00,2.627,3.904
2019-11-29 06:16:00,2.599,3.907
2019-11-29 06:17:00,2.567,3.904
2019-11-29 06:18:00,2.62,3.901
2019-11-29 06:19:00,2.563,3.897
2019-11-29 06:20:00,2.601,3.889
2019-11-29 06:21:00,2.572,3.888
2019-11-29 06:22:00,2.567,3.88
2019-11-29 06:23:00,2.58,3.874
2019-11-29 06:24:00,2.547,3.871
2019-11-29 06:25:00,2.585,3.866
2019-11-29 06:26:00,2.575,3.86
2019-11-29 06:27:00,2.536,3.854
2019-11-29 06:28:00,2.563,3.851
2019-11-29 06:29:00,2.536,3.854
2019-11-29 06:30:00,2.516,3.847
2019-11-29 06:31:00,2.518,3.835
2019-11-29 06:32:00,2.525,3.829
2019-11-29 06:33:00,2.481,3.818
2019-11-29 06:34:00,2.531,3.809
2019-11-29 06:35:00,2.476,3.811
2019-11-29 06:36:00,2.479,3.805
2019-11-29 06:37:00,2.487,3.797
2019-11-29 06:38:00,2.461,3.789
2019-11-29 06:39:00,2.481,3.787
2019-11-29 06:40:00,2.438,3.781
2019-11-29 06:41:00,2.474,3.769
2019-11-29 06:42:00,2.458,3.764
2019-11-29 06:43:00,2.436,3.758
2019-11-29 06:44:00,2.468,3.75
2019-11-29 06:45:00,2.437,3.752
2019-11-29 06:46:00,2.453,3.752
2019-11-29 06:47:00,2.45,3.754
2019-11-29 06:48:00,2.451,3.753
2019-11-29 06:49:00,2.434,3.747
2019-11-29 06:50:00,2.412,3.741
2019-11-29 06:51:00,2.388,3.733
2019-11-29 06:52:00,2.406,3.722
2019-11-29 06:53:00,2.395,3.718
2019-11-29 06:54:00,2.393,3.71
2019-11-29 06:55:00,2.425,3.705
2019-11-29 06:56:00,2.379,3.702
2019-11-29 06:57:00,2.412,3.699
2019-11-29 06:58:00,2.392,3.696
2019-11-29 06:59:00,2.395,3.691
2019-11-29 07:00:00,2.369,3.689
2019-11-29 07:01:00,2.32,3.679
2019-11-29 07:02:00,2.348,3.653
2019-11-29 07:03:00,2.359,3.646
2019-11-29 07:04:00,2.335,3.645
2019-11-29 07:10:00,2.309,3.609
2019-11-29 07:11:00,2.289,3.611
2019-11-29 07:12:00,2.307,3.603
2019-11-29 07:13:00,2.283,3.595
2019-11-29 07:14:00,2.272,3.586
2019-11-29 07:15:00,2.277,3.579
2019-11-29 07:16:00,2.254,3.574
2019-11-29 07:17:00,2.285,3.572
2019-11-29 07:18:00,2.272,3.572
2019-11-29 07:19:00,2.229,3.575
2019-11-29 07:20:00,2.258,3.566
2019-11-29 07:21:00,2.251,3.562
2019-11-29 07:22:00,2.263,3.556
2019-11-29 07:23:00,2.224,3.547
2019-11-29 07:24:00,2.207,3.541
2019-11-29 07:25:00,2.209,3.53
2019-11-29 07:26:00,2.215,3.517
2019-11-29 07:27:00,2.2,3.508
2019-11-29 07:28:00,2.193,3.504
2019-11-29 07:29:00,2.196,3.499
2019-11-29 07:30:00,2.187,3.493
2019-11-29 07:31:00,2.186,3.488
2019-11-29 07:32:00,2.16,3.485
2019-11-29 07:33:00,2.162,3.485
2019-11-29 07:34:00,2.153,3.48
2019-11-29 07:35:00,2.158,3.473
2019-11-29 07:36:00,2.147,3.464
2019-11-29 07:37:00,2.128,3.459
2019-11-29 07:38:00,2.146,3.453
2019-11-29 07:39:00,2.13,3.446
2019-11-29 07:40:00,2.106,3.438
2019-11-29 07:41:00,2.121,3.431
2019-11-29 07:42:00,2.126,3.428
2019-11-29 07:43:00,2.085,3.421
2019-11-29 07:44:00,2.121,3.415
2019-11-29 07:45:00,2.154,3.416
2019-11-29 07:46:00,2.119,3.419
2019-11-29 07:47:00,2.085,3.412
2019-11-29 07:48:00,2.115,3.406
2019-11-29 07:49:00,2.1,3.404
2019-11-29 07:50:00,2.097,3.403
2019-11-29 07:51:00,2.068,3.394
2019-11-29 07:52:00,2.093,3.391
2019-11-29 07:53:00,2.06,3.386
2019-11-29 07:54:00,2.064,3.377
2019-11-29 07:55:00,2.032,3.369
2019-11-29 07:56:00,2.05,3.366
2019-11-29 07:57:00,2.024,3.36
2019-11-29 07:58:00,2.033,3.353
2019-11-29 07:59:00,1.997,3.343
2019-11-29 08:00:00,2.044,3.334
2019-11-29 08:01:00,2.017,3.333
2019-11-29 08:02:00,2.043,3.33
2019-11-29 08:03:00,2.033,3.327
2019-11-29 08:04:00,2.004,3.326
2019-11-29 08:05:00,1.98,3.318
2019-11-29 08:06:00,1.994,3.311
2019-11-29 08:07:00,1.973,3.297
2019-11-29 08:08:00,1.986,3.284
2019-11-29 08:09:00,1.995,3.279
2019-11-29 08:10:00,2.005,3.281
2019-11-29 08:11:00,1.989,3.28
2019-11-29 08:12:00,2.026,3.282
2019-11-29 08:13:00,1.99,3.285
2019-11-29 08:14:00,1.97,3.287
2019-11-29 08:15:00,1.965,3.289
2019-11-29 08:16:00,1.959,3.286
2019-11-29 08:17:00,1.945,3.275
2019-11-29 08:18:00,1.953,3.26
2019-11-29 08:19:00,1.923,3.25
2019-11-29 08:20:00,1.909,3.241
2019-11-29 08:21:00,1.901,3.235
2019-11-29 08:22:00,1.897,3.229
2019-11-29 08:23:00,1.911,3.226
2019-11-29 08:24:00,1.929,3.226
2019-11-29 08:25:00,1.906,3.227
2019-11-29 08:26:00,1.926,3.217
2019-11-29 08:27:00,1.904,3.22
2019-11-29 08:28:00,1.881,3.213
2019-11-29 08:29:00,1.888,3.201
2019-11-29 08:30:00,1.926,3.195
2019-11-29 08:31:00,1.891,3.197
2019-11-29 08:32:00,1.869,3.191
2019-11-29 08:33:00,1.878,3.182
2019-11-29 08:34:00,1.865,3.183
2019-11-29 08:35:00,1.859,3.185
2019-11-29 08:36:00,1.865,3.177
2019-11-29 08:37:00,1.874,3.176
2019-11-29 08:38:00,1.868,3.176
2019-11-29 08:39:00,1.836,3.17
2019-11-29 08:40:00,1.841,3.161
2019-11-29 08:41:00,1.851,3.156
2019-11-29 08:42:00,1.845,3.151
2019-11-29 08:43:00,1.808,3.146
2019-11-29 08:44:00,1.816,3.139
2019-11-29 08:45:00,1.807,3.137
2019-11-29 08:46:00,1.83,3.133
2019-11-29 08:47:00,1.79,3.128
2019-11-29 08:48:00,1.795,3.119
2019-11-29 08:49:00,1.807,3.116
2019-11-29 08:50:00,1.788,3.115
2019-11-29 08:51:00,1.797,3.111
2019-11-29 08:52:00,1.819,3.111
2019-11-29 08:53:00,1.804,3.112
2019-11-29 08:54:00,1.775,3.111
2019-11-29 08:55:00,1.83,3.11
2019-11-29 08:56:00,1.79,3.112
2019-11-29 08:57:00,1.788,3.107
2019-11-29 08:58:00,1.761,3.098
2019-11-29 08:59:00,1.751,3.09
2019-11-29 09:00:00,1.743,3.085
2019-11-29 09:01:00,1.763,3.08
2019-11-29 09:02:00,1.761,3.072
2019-11-29 09:03:00,1.773,3.067
2019-11-29 09:04:00,1.742,3.069
2019-11-29 09:05:00,1.734,3.06
2019-11-29 09:06:00,1.731,3.056
2019-11-29 09:07:00,1.721,3.051
2019-11-29 09:08:00,1.753,3.046
2019-11-29 09:09:00,1.737,3.046
2019-11-29 09:10:00,1.701,3.044
2019-11-29 09:11:00,1.727,3.039
2019-11-29 09:12:00,1.707,3.034
2019-11-29 09:13:00,1.728,3.024
2019-11-29 09:14:00,1.703,3.019
2019-11-29 09:15:00,1.697,3.017
2019-11-29 09:16:00,1.706,3.014
2019-11-29 09:17:00,1.709,3.019
2019-11-29 09:18:00,1.723,3.022
2019-11-29 09:19:00,1.717,3.023
2019-11-29 09:20:00,1.721,3.019
2019-11-29 09:21:00,1.705,3.02
2019-11-29 09:22:00,1.695,3.023
2019-11-29 09:23:00,1.703,3.022
2019-11-29 09:24:00,1.703,3.019
2019-11-29 09:25:00,1.688,3.017
2019-11-29 09:26:00,1.737,3.013
2019-11-29 09:27:00,1.696,3.012
2019-11-29 09:28:00,1.724,3.007
2019-11-29 09:29:00,1.701,3.014
2019-11-29 09:30:00,1.7,3.016
2019-11-29 09:31:00,1.672,3.013
2019-11-29 09:32:00,1.695,3.011
2019-11-29 09:33:00,1.689,3.012
2019-11-29 09:34:00,1.729,3.006
2019-11-29 09:35:00,1.696,3.001
2019-11-29 09:36:00,1.708,3
2019-11-29 09:37:00,1.671,2.998
2019-11-29 09:38:00,1.67,2.99
2019-11-29 09:39:00,1.697,2.986
2019-11-29 09:40:00,1.678,2.989
2019-11-29 09:41:00,1.681,2.992
2019-11-29 09:42:00,1.66,2.989
2019-11-29 09:43:00,1.649,2.981
2019-11-29 09:44:00,1.649,2.977
2019-11-29 09:45:00,1.626,2.974
2019-11-29 09:46:00,1.648,2.967
2019-11-29 09:47:00,1.668,2.961
2019-11-29 09:48:00,1.623,2.966
2019-11-29 09:49:00,1.644,2.964
2019-11-29 09:50:00,1.658,2.965
2019-11-29 09:51:00,1.657,2.967
2019-11-29 09:52:00,1.655,2.965
2019-11-29 09:53:00,1.632,2.961
2019-11-29 09:54:00,1.651,2.96
2019-11-29 09:55:00,1.649,2.962
2019-11-29 09:56:00,1.612,2.96
2019-11-29 09:57:00,1.654,2.951
2019-11-29 09:58:00,1.636,2.955
2019-11-29 09:59:00,1.654,2.959
2019-11-29 10:00:00,1.661,2.962
2019-11-29 10:01:00,1.655,2.969
2019-11-29 10:02:00,1.664,2.973
2019-11-29 10:03:00,1.632,2.969
2019-11-29 10:04:00,1.642,2.965
2019-11-29 10:05:00,1.677,2.963
2019-11-29 10:06:00,1.639,2.96
2019-11-29 10:07:00,1.642,2.953
2019-11-29 10:08:00,1.638,2.958
2019-11-29 10:09:00,1.628,2.959
2019-11-29 10:10:00,1.639,2.958
2019-11-29 10:11:00,1.644,2.956
2019-11-29 10:12:00,1.629,2.953
2019-11-29 10:13:00,1.618,2.946
2019-11-29 10:14:00,1.612,2.939
2019-11-29 10:15:00,1.617,2.934
2019-11-29 10:16:00,1.62,2.937
2019-11-29 10:17:00,1.613,2.938
2019-11-29 10:18:00,1.658,2.937
2019-11-29 10:19:00,1.645,2.941
2019-11-29 10:20:00,1.621,2.944
2019-11-29 10:21:00,1.647,2.945
2019-11-29 10:22:00,1.614,2.948
2019-11-29 10:23:00,1.609,2.947
2019-11-29 10:24:00,1.633,2.944
2019-11-29 10:25:00,1.641,2.946
2019-11-29 10:26:00,1.634,2.953
2019-11-29 10:27:00,1.648,2.953
2019-11-29 10:28:00,1.653,2.95
2019-11-29 10:29:00,1.629,2.947
2019-11-29 10:30:00,1.625,2.947
2019-11-29 10:31:00,1.6,2.945
2019-11-29 10:32:00,1.606,2.938
2019-11-29 10:33:00,1.645,2.937
2019-11-29 10:34:00,1.624,2.939
2019-11-29 10:35:00,1.616,2.941
2019-11-29 10:36:00,1.64,2.938
2019-11-29 10:37:00,1.627,2.942
2019-11-29 10:38:00,1.662,2.941
2019-11-29 10:39:00,1.639,2.943
2019-11-29 10:40:00,1.645,2.95
2019-11-29 10:41:00,1.651,2.952
2019-11-29 10:42:00,1.656,2.953
2019-11-29 10:43:00,1.661,2.959
2019-11-29 10:44:00,1.656,2.96
2019-11-29 10:45:00,1.663,2.967
2019-11-29 10:46:00,1.651,2.972
2019-11-29 10:47:00,1.66,2.969
2019-11-29 10:48:00,1.657,2.968
2019-11-29 10:49:00,1.677,2.969
2019-11-29 10:50:00,1.627,2.969
2019-11-29 10:51:00,1.638,2.963
2019-11-29 10:52:00,1.651,2.962
2019-11-29 10:53:00,1.632,2.967
2019-11-29 10:54:00,1.664,2.964
2019-11-29 10:55:00,1.677,2.972
2019-11-29 10:56:00,1.625,2.975
2019-11-29 10:57:00,1.643,2.965
2019-11-29 10:58:00,1.663,2.963
2019-11-29 10:59:00,1.639,2.967
2019-11-29 11:00:00,1.645,2.962
2019-11-29 11:01:00,1.656,2.959
2019-11-29 11:02:00,1.649,2.964
2019-11-29 11:03:00,1.664,2.969
2019-11-29 11:04:00,1.678,2.971
2019-11-29 11:05:00,1.677,2.977
2019-11-29 11:06:00,1.668,2.984
2019-11-29 11:07:00,1.686,2.987
2019-11-29 11:08:00,1.684,2.987
2019-11-29 11:09:00,1.66,2.99
2019-11-29 11:10:00,1.653,2.989
2019-11-29 11:11:00,1.677,2.986
2019-11-29 11:12:00,1.684,2.988
2019-11-29 11:13:00,1.718,2.997
2019-11-29 11:14:00,1.709,3.005
2019-11-29 11:15:00,1.708,3.006
2019-11-29 11:16:00,1.724,3.006
2019-11-29 11:17:00,1.721,3.012
2019-11-29 11:18:00,1.694,3.016
2019-11-29 11:19:00,1.715,3.016
2019-11-29 11:20:00,1.715,3.019
2019-11-29 11:21:00,1.713,3.02
2019-11-29 11:22:00,1.714,3.022
2019-11-29 11:23:00,1.731,3.024
2019-11-29 11:24:00,1.731,3.029
2019-11-29 11:25:00,1.714,3.03
2019-11-29 11:26:00,1.719,3.029
2019-11-29 11:27:00,1.724,3.031
2019-11-29 11:28:00,1.729,3.035
2019-11-29 11:29:00,1.72,3.035
2019-11-29 11:30:00,1.734,3.034
2019-11-29 11:31:00,1.735,3.037
2019-11-29 11:32:00,1.711,3.038
2019-11-29 11:33:00,1.706,3.036
2019-11-29 11:34:00,1.73,3.032
2019-11-29 11:35:00,1.732,3.033
2019-11-29 11:36:00,1.747,3.039
2019-11-29 11:37:00,1.725,3.04
2019-11-29 11:38:00,1.72,3.037
2019-11-29 11:39:00,1.775,3.041
2019-11-29 11:40:00,1.71,3.043
2019-11-29 11:41:00,1.73,3.039
2019-11-29 11:42:00,1.751,3.04
2019-11-29 11:43:00,1.742,3.043
2019-11-29 11:44:00,1.754,3.048
2019-11-29 11:45:00,1.752,3.053
2019-11-29 11:46:00,1.778,3.055
2019-11-29 11:47:00,1.748,3.06
2019-11-29 11:48:00,1.768,3.062
2019-11-29 11:49:00,1.785,3.068
2019-11-29 11:50:00,1.802,3.078
2019-11-29 11:51:00,1.808,3.086
2019-11-29 11:52:00,1.775,3.09
2019-11-29 11:53:00,1.803,3.093
2019-11-29 11:54:00,1.798,3.094
2019-11-29 11:55:00,1.781,3.092
2019-11-29 11:56:00,1.779,3.095
2019-11-29 11:57:00,1.801,3.104
2019-11-29 11:58:00,1.847,3.112
2019-11-29 11:59:00,1.828,3.119
2019-11-29 12:00:00,1.844,3.129
2019-11-29 12:01:00,1.805,3.134
2019-11-29 12:02:00,1.838,3.13
2019-11-29 12:03:00,1.843,3.137
2019-11-29 12:04:00,1.81,3.141
2019-11-29 12:05:00,1.865,3.134
2019-11-29 12:06:00,1.85,3.137
2019-11-29 12:07:00,1.856,3.142
2019-11-29 12:08:00,1.84,3.143
2019-11-29 12:09:00,1.834,3.142
2019-11-29 12:10:00,1.865,3.149
2019-11-29 12:11:00,1.837,3.158
2019-11-29 12:12:00,1.863,3.161
2019-11-29 12:13:00,1.896,3.167
2019-11-29 12:14:00,1.862,3.175
2019-11-29 12:15:00,1.862,3.174
2019-11-29 12:16:00,1.856,3.174
2019-11-29 12:17:00,1.883,3.173
2019-11-29 12:18:00,1.883,3.177
2019-11-29 12:19:00,1.884,3.181
2019-11-29 12:20:00,1.884,3.18
2019-11-29 12:21:00,1.914,3.187
2019-11-29 12:22:00,1.873,3.189
2019-11-29 12:23:00,1.894,3.184
2019-11-29 12:24:00,1.899,3.188
2019-11-29 12:25:00,1.91,3.19
2019-11-29 12:26:00,1.885,3.185
2019-11-29 12:27:00,1.888,3.188
2019-11-29 12:28:00,1.89,3.192
2019-11-29 12:29:00,1.911,3.198
2019-11-29 12:30:00,1.923,3.203
2019-11-29 12:31:00,1.941,3.207
2019-11-29 12:32:00,1.943,3.221
2019-11-29 12:33:00,1.95,3.231
2019-11-29 12:34:00,1.937,3.23
2019-11-29 12:35:00,1.95,3.235
2019-11-29 12:36:00,1.941,3.239
2019-11-29 12:37:00,1.955,3.241
2019-11-29 12:38:00,1.944,3.243
2019-11-29 12:39:00,1.947,3.246
2019-11-29 12:40:00,1.913,3.254
2019-11-29 12:41:00,1.963,3.251
2019-11-29 12:42:00,1.973,3.254
2019-11-29 12:43:00,1.974,3.264
2019-11-29 12:44:00,1.966,3.273
2019-11-29 12:45:00,1.997,3.278
2019-11-29 12:46:00,1.988,3.279
2019-11-29 12:47:00,1.985,3.282
2019-11-29 12:48:00,1.979,3.292
2019-11-29 12:49:00,2.029,3.297
2019-11-29 12:50:00,1.96,3.305
2019-11-29 12:51:00,1.984,3.302
2019-11-29 12:52:00,2.024,3.302
2019-11-29 12:53:00,1.999,3.306
2019-11-29 12:54:00,2.026,3.315
2019-11-29 12:55:00,2.054,3.321
2019-11-29 12:56:00,2.01,3.323
2019-11-29 12:57:00,2.023,3.321
2019-11-29 12:58:00,2.035,3.326
2019-11-29 12:59:00,2.035,3.337
2019-11-29 13:00:00,2.026,3.341
2019-11-29 13:01:00,2.032,3.339
2019-11-29 13:02:00,2.033,3.341
2019-11-29 13:03:00,2.037,3.342
2019-11-29 13:04:00,2.063,3.343
2019-11-29 13:05:00,2.057,3.351
2019-11-29 13:06:00,2.034,3.357
2019-11-29 13:07:00,2.058,3.353
2019-11-29 13:08:00,2.071,3.349
2019-11-29 13:09:00,2.061,3.351
2019-11-29 13:10:00,2.065,3.349
2019-11-29 13:11:00,2.067,3.354
2019-11-29 13:12:00,2.076,3.363
2019-11-29 13:13:00,2.059,3.375
2019-11-29 13:14:00,2.099,3.382
2019-11-29 13:15:00,2.099,3.39
2019-11-29 13:16:00,2.122,3.39
2019-11-29 13:17:00,2.112,3.397
2019-11-29 13:18:00,2.102,3.401
2019-11-29 13:19:00,2.116,3.401
2019-11-29 13:20:00,2.128,3.403
2019-11-29 13:21:00,2.115,3.408
2019-11-29 13:22:00,2.117,3.405
2019-11-29 13:23:00,2.116,3.412
2019-11-29 13:24:00,2.154,3.422
2019-11-29 13:25:00,2.136,3.428
2019-11-29 13:26:00,2.155,3.43
2019-11-29 13:27:00,2.171,3.431
2019-11-29 13:28:00,2.169,3.435
2019-11-29 13:29:00,2.169,3.442
2019-11-29 13:30:00,2.171,3.447
2019-11-29 13:31:00,2.128,3.456
2019-11-29 13:32:00,2.145,3.454
2019-11-29 13:33:00,2.201,3.453
2019-11-29 13:34:00,2.182,3.459
2019-11-29 13:35:00,2.15,3.464
2019-11-29 13:36:00,2.174,3.463
2019-11-29 13:37:00,2.177,3.461
2019-11-29 13:38:00,2.17,3.462
2019-11-29 13:39:00,2.189,3.47
2019-11-29 13:40:00,2.192,3.475
2019-11-29 13:41:00,2.215,3.48
2019-11-29 13:42:00,2.177,3.478
2019-11-29 13:43:00,2.212,3.474
2019-11-29 13:44:00,2.214,3.481
2019-11-29 13:45:00,2.225,3.491
2019-11-29 13:46:00,2.209,3.498
2019-11-29 13:47:00,2.2,3.501
2019-11-29 13:48:00,2.235,3.507
2019-11-29 13:49:00,2.231,3.519
2019-11-29 13:50:00,2.25,3.523
2019-11-29 13:51:00,2.262,3.52
2019-11-29 13:52:00,2.233,3.528
2019-11-29 13:53:00,2.244,3.534
2019-11-29 13:54:00,2.256,3.531
2019-11-29 13:55:00,2.225,3.536
2019-11-29 13:56:00,2.252,3.545
2019-11-29 13:57:00,2.23,3.545
2019-11-29 13:58:00,2.251,3.549
2019-11-29 13:59:00,2.289,3.558
2019-11-29 14:00:00,2.266,3.569
2019-11-29 14:01:00,2.255,3.572
2019-11-29 14:02:00,2.271,3.569
2019-11-29 14:03:00,2.279,3.567
2019-11-29 14:04:00,2.288,3.565
2019-11-29 14:05:00,2.296,3.573
2019-11-29 14:06:00,2.316,3.584
2019-11-29 14:07:00,2.292,3.59
2019-11-29 14:08:00,2.285,3.589
2019-11-29 14:09:00,2.299,3.592
2019-11-29 14:10:00,2.323,3.601
2019-11-29 14:11:00,2.315,3.605
2019-11-29 14:12:00,2.352,3.607
2019-11-29 14:13:00,2.336,3.61
2019-11-29 14:14:00,2.33,3.612
2019-11-29 14:15:00,2.332,3.618
2019-11-29 14:16:00,2.316,3.623
2019-11-29 14:17:00,2.333,3.628
2019-11-29 14:18:00,2.349,3.635
2019-11-29 14:19:00,2.354,3.64
2019-11-29 14:20:00,2.347,3.646
2019-11-29 14:21:00,2.352,3.645
2019-11-29 14:22:00,2.328,3.643
2019-11-29 14:23:00,2.315,3.643
2019-11-29 14:24:00,2.344,3.642
2019-11-29 14:25:00,2.362,3.646
2019-11-29 14:26:00,2.386,3.653
2019-11-29 14:27:00,2.333,3.663
2019-11-29 14:28:00,2.384,3.663
2019-11-29 14:29:00,2.393,3.665
2019-11-29 14:30:00,2.39,3.661
2019-11-29 14:31:00,2.404,3.653
2019-11-29 14:32:00,2.369,3.655
2019-11-29 14:33:00,2.412,3.663
2019-11-29 14:34:00,2.404,3.67
2019-11-29 14:35:00,2.369,3.671
2019-11-29 14:36:00,2.402,3.675
2019-11-29 14:37:00,2.387,3.68
2019-11-29 14:38:00,2.378,3.682
2019-11-29 14:39:00,2.397,3.685
2019-11-29 14:40:00,2.423,3.686
2019-11-29 14:41:00,2.398,3.69
2019-11-29 14:42:00,2.397,3.699
2019-11-29 14:43:00,2.439,3.7
2019-11-29 14:44:00,2.42,3.706
2019-11-29 14:45:00,2.406,3.709
2019-11-29 14:46:00,2.415,3.712
2019-11-29 14:47:00,2.447,3.716
2019-11-29 14:48:00,2.428,3.72
2019-11-29 14:49:00,2.476,3.722
2019-11-29 14:50:00,2.471,3.725
2019-11-29 14:51:00,2.464,3.735
2019-11-29 14:52:00,2.447,3.735
2019-11-29 14:53:00,2.463,3.734
2019-11-29 14:54:00,2.441,3.732
2019-11-29 14:55:00,2.418,3.732
2019-11-29 14:56:00,2.442,3.738
2019-11-29 14:57:00,2.459,3.74
2019-11-29 14:58:00,2.434,3.743
2019-11-29 14:59:00,2.446,3.739
2019-11-29 15:00:00,2.463,3.736
2019-11-29 15:01:00,2.464,3.739
2019-11-29 15:02:00,2.49,3.745
2019-11-29 15:03:00,2.495,3.752
2019-11-29 15:04:00,2.462,3.757
2019-11-29 15:05:00,2.45,3.759
2019-11-29 15:06:00,2.456,3.76
2019-11-29 15:07:00,2.464,3.76
2019-11-29 15:08:00,2.463,3.769
2019-11-29 15:09:00,2.485,3.771
2019-11-29 15:10:00,2.45,3.768
2019-11-29 15:11:00,2.467,3.763
2019-11-29 15:12:00,2.475,3.767
2019-11-29 15:13:00,2.478,3.768
2019-11-29 15:14:00,2.491,3.77
2019-11-29 15:15:00,2.503,3.774
2019-11-29 15:16:00,2.498,3.773
2019-11-29 15:17:00,2.514,3.772
2019-11-29 15:18:00,2.477,3.775
2019-11-29 15:19:00,2.498,3.776
2019-11-29 15:20:00,2.515,3.781
2019-11-29 15:21:00,2.508,3.788
2019-11-29 15:22:00,2.486,3.794
2019-11-29 15:23:00,2.461,3.792
2019-11-29 15:24:00,2.501,3.789
2019-11-29 15:25:00,2.478,3.789
2019-11-29 15:26:00,2.526,3.79
2019-11-29 15:27:00,2.498,3.794
2019-11-29 15:28:00,2.479,3.792
2019-11-29 15:29:00,2.491,3.789
2019-11-29 15:30:00,2.517,3.792
2019-11-29 15:31:00,2.504,3.797
2019-11-29 15:32:00,2.539,3.803
2019-11-29 15:33:00,2.523,3.805
2019-11-29 15:34:00,2.527,3.807
2019-11-29 15:35:00,2.506,3.812
2019-11-29 15:36:00,2.542,3.815
2019-11-29 15:37:00,2.547,3.817
2019-11-29 15:38:00,2.53,3.813
2019-11-29 15:39:00,2.506,3.811
2019-11-29 15:40:00,2.516,3.809
2019-11-29 15:41:00,2.505,3.811
2019-11-29 15:42:00,2.505,3.81
2019-11-29 15:43:00,2.499,3.809
2019-11-29 15:44:00,2.528,3.81
2019-11-29 15:45:00,2.508,3.813
2019-11-29 15:46:00,2.537,3.813
2019-11-29 15:47:00,2.498,3.814
2019-11-29 15:48:00,2.526,3.816
2019-11-29 15:49:00,2.532,3.816
2019-11-29 15:50:00,2.56,3.817
2019-11-29 15:51:00,2.544,3.816
2019-11-29 15:52:00,2.545,3.817
2019-11-29 15:53:00,2.538,3.823
2019-11-29 15:54:00,2.553,3.822
2019-11-29 15:55:00,2.522,3.823
2019-11-29 15:56:00,2.534,3.825
2019-11-29 15:57:00,2.504,3.83
2019-11-29 15:58:00,2.567,3.834
2019-11-29 15:59:00,2.542,3.836
2019-11-29 16:00:00,2.508,3.84
2019-11-29 16:01:00,2.529,3.835
2019-11-29 16:02:00,2.539,3.835
2019-11-29 16:03:00,2.538,3.834
2019-11-29 16:04:00,2.548,3.828
2019-11-29 16:05:00,2.519,3.828
2019-11-29 16:06:00,2.539,3.826
2019-11-29 16:07:00,2.534,3.826
2019-11-29 16:08:00,2.521,3.828
2019-11-29 16:09:00,2.502,3.825
2019-11-29 16:10:00,2.525,3.82
2019-11-29 16:11:00,2.502,3.815
2019-11-29 16:12:00,2.491,3.81
2019-11-29 16:13:00,2.506,3.806
2019-11-29 16:14:00,2.521,3.809
2019-11-29 16:15:00,2.513,3.807
2019-11-29 16:16:00,2.54,3.806
2019-11-29 16:17:00,2.506,3.814
2019-11-29 16:18:00,2.52,3.817
2019-11-29 16:19:00,2.51,3.812
2019-11-29 16:20:00,2.494,3.816
2019-11-29 16:21:00,2.497,3.817
2019-11-29 16:22:00,2.519,3.812
2019-11-29 16:23:00,2.512,3.813
2019-11-29 16:24:00,2.533,3.813
2019-11-29 16:25:00,2.497,3.813
2019-11-29 16:26:00,2.551,3.814
2019-11-29 16:27:00,2.559,3.814
2019-11-29 16:28:00,2.523,3.818
2019-11-29 16:29:00,2.497,3.818
2019-11-29 16:30:00,2.524,3.814
2019-11-29 16:31:00,2.515,3.817
2019-11-29 16:32:00,2.529,3.818
2019-11-29 16:33:00,2.539,3.822
2019-11-29 16:34:00,2.543,3.827
2019-11-29 16:35:00,2.517,3.829
2019-11-29 16:36:00,2.518,3.823
2019-11-29 16:37:00,2.536,3.825
2019-11-29 16:38:00,2.546,3.83
2019-11-29 16:39:00,2.555,3.831
2019-11-29 16:40:00,2.532,3.829
2019-11-29 16:41:00,2.512,3.821
2019-11-29 16:42:00,2.536,3.812
2019-11-29 16:43:00,2.511,3.813
2019-11-29 16:44:00,2.51,3.815
2019-11-29 16:45:00,2.51,3.812
2019-11-29 16:46:00,2.525,3.809
2019-11-29 16:47:00,2.485,3.807
2019-11-29 16:48:00,2.5,3.799
2019-11-29 16:49:00,2.496,3.791
2019-11-29 16:50:00,2.512,3.788
2019-11-29 16:51:00,2.524,3.786
2019-11-29 16:52:00,2.492,3.79
2019-11-29 16:53:00,2.484,3.792
2019-11-29 16:54:00,2.493,3.785
2019-11-29 16:55:00,2.519,3.779
2019-11-29 16:56:00,2.496,3.779
2019-11-29 16:57:00,2.517,3.779
2019-11-29 16:58:00,2.516,3.781
2019-11-29 16:59:00,2.514,3.784
2019-11-29 17:00:00,2.503,3.789
2019-11-29 17:01:00,2.474,3.792
2019-11-29 17:02:00,2.461,3.79
2019-11-29 17:03:00,2.48,3.785
2019-11-29 17:04:00,2.498,3.784
2019-11-29 17:05:00,2.488,3.782
2019-11-29 17:06:00,2.507,3.771
2019-11-29 17:07:00,2.484,3.763
2019-11-29 17:08:00,2.457,3.76
2019-11-29 17:09:00,2.48,3.762
2019-11-29 17:10:00,2.497,3.77
2019-11-29 17:11:00,2.496,3.774
2019-11-29 17:12:00,2.492,3.777
2019-11-29 17:13:00,2.478,3.774
2019-11-29 17:14:00,2.473,3.769
2019-11-29 17:15:00,2.448,3.771
2019-11-29 17:16:00,2.431,3.762
2019-11-29 17:17:00,2.47,3.754
2019-11-29 17:18:00,2.452,3.756
2019-11-29 17:19:00,2.455,3.756
2019-11-29 17:20:00,2.453,3.754
2019-11-29 17:21:00,2.459,3.755
2019-11-29 17:22:00,2.458,3.755
2019-11-29 17:23:00,2.459,3.753
2019-11-29 17:24:00,2.496,3.752
2019-11-29 17:25:00,2.457,3.752
2019-11-29 17:26:00,2.446,3.746
2019-11-29 17:27:00,2.444,3.746
2019-11-29 17:28:00,2.423,3.74
2019-11-29 17:29:00,2.43,3.732
2019-11-29 17:30:00,2.416,3.725
2019-11-29 17:31:00,2.404,3.722
2019-11-29 17:32:00,2.435,3.715
2019-11-29 17:33:00,2.445,3.715
2019-11-29 17:34:00,2.403,3.713
2019-11-29 17:35:00,2.447,3.708
2019-11-29 17:36:00,2.406,3.709
2019-11-29 17:37:00,2.431,3.702
2019-11-29 17:38:00,2.47,3.697
2019-11-29 17:39:00,2.398,3.702
2019-11-29 17:40:00,2.427,3.703
2019-11-29 17:41:00,2.429,3.704
2019-11-29 17:42:00,2.415,3.707
2019-11-29 17:43:00,2.422,3.705
2019-11-29 17:44:00,2.414,3.703
2019-11-29 17:45:00,2.402,3.702
2019-11-29 17:46:00,2.401,3.7
2019-11-29 17:47:00,2.41,3.696
2019-11-29 17:48:00,2.396,3.694
2019-11-29 17:49:00,2.4,3.688
2019-11-29 17:50:00,2.374,3.677
2019-11-29 17:51:00,2.386,3.676
2019-11-29 17:52:00,2.368,3.682
2019-11-29 17:53:00,2.378,3.676
2019-11-29 17:54:00,2.398,3.67
2019-11-29 17:55:00,2.343,3.668
2019-11-29 17:56:00,2.332,3.659
2019-11-29 17:57:00,2.338,3.648
2019-11-29 17:58:00,2.338,3.643
2019-11-29 17:59:00,2.337,3.636
2019-11-29 18:00:00,2.3,3.628
2019-11-29 18:01:00,2.318,3.624
2019-11-29 18:02:00,2.34,3.623
2019-11-29 18:03:00,2.341,3.62
2019-11-29 18:04:00,2.331,3.618
2019-11-29 18:05:00,2.361,3.622
2019-11-29 18:06:00,2.337,3.626
2019-11-29 18:07:00,2.324,3.631
2019-11-29 18:08:00,2.323,3.633
2019-11-29 18:09:00,2.342,3.633
2019-11-29 18:10:00,2.309,3.631
2019-11-29 18:11:00,2.308,3.625
2019-11-29 18:12:00,2.312,3.619
2019-11-29 18:13:00,2.359,3.614
2019-11-29 18:14:00,2.304,3.618
2019-11-29 18:15:00,2.337,3.613
2019-11-29 18:16:00,2.315,3.608
2019-11-29 18:17:00,2.31,3.601
2019-11-29 18:18:00,2.308,3.599
2019-11-29 18:19:00,2.3,3.595
2019-11-29 18:20:00,2.274,3.588
2019-11-29 18:21:00,2.3,3.583
2019-11-29 18:22:00,2.266,3.579
2019-11-29 18:23:00,2.304,3.57
2019-11-29 18:24:00,2.292,3.568
2019-11-29 18:25:00,2.286,3.564
2019-11-29 18:26:00,2.283,3.569
2019-11-29 18:27:00,2.279,3.57
2019-11-29 18:28:00,2.26,3.561
2019-11-29 18:29:00,2.243,3.556
2019-11-29 18:30:00,2.23,3.551
2019-11-29 18:31:00,2.271,3.543
2019-11-29 18:32:00,2.253,3.543
2019-11-29 18:33:00,2.249,3.542
2019-11-29 18:34:00,2.254,3.545
2019-11-29 18:35:00,2.235,3.548
2019-11-29 18:36:00,2.257,3.547
2019-11-29 18:37:00,2.236,3.543
2019-11-29 18:38:00,2.223,3.543
2019-11-29 18:39:00,2.216,3.538
2019-11-29 18:40:00,2.212,3.531
2019-11-29 18:41:00,2.23,3.524
2019-11-29 18:42:00,2.192,3.519
2019-11-29 18:43:00,2.199,3.513
2019-11-29 18:44:00,2.214,3.502
2019-11-29 18:45:00,2.19,3.492
2019-11-29 18:46:00,2.195,3.489
2019-11-29 18:47:00,2.19,3.489
2019-11-29 18:48:00,2.21,3.484
2019-11-29 18:49:00,2.197,3.479
2019-11-29 18:50:00,2.198,3.477
2019-11-29 18:51:00,2.16,3.473
2019-11-29 18:52:00,2.183,3.475
2019-11-29 18:53:00,2.18,3.477
2019-11-29 18:54:00,2.183,3.481
2019-11-29 18:55:00,2.166,3.483
2019-11-29 18:56:00,2.205,3.477
2019-11-29 18:57:00,2.167,3.47
2019-11-29 18:58:00,2.176,3.457
2019-11-29 18:59:00,2.181,3.453
2019-11-29 19:00:00,2.197,3.455
2019-11-29 19:01:00,2.181,3.459
2019-11-29 19:02:00,2.182,3.454
2019-11-29 19:03:00,2.162,3.45
2019-11-29 19:04:00,2.147,3.457
2019-11-29 19:05:00,2.143,3.453
2019-11-29 19:06:00,2.16,3.439
2019-11-29 19:07:00,2.117,3.434
2019-11-29 19:08:00,2.139,3.421
2019-11-29 19:09:00,2.126,3.414
2019-11-29 19:10:00,2.127,3.416
2019-11-29 19:11:00,2.101,3.417
2019-11-29 19:12:00,2.106,3.413
2019-11-29 19:13:00,2.065,3.402
2019-11-29 19:14:00,2.129,3.387
2019-11-29 19:15:00,2.097,3.379
2019-11-29 19:16:00,2.1,3.371
2019-11-29 19:17:00,2.075,3.37
2019-11-29 19:18:00,2.1,3.377
2019-11-29 19:19:00,2.075,3.383
2019-11-29 19:20:00,2.085,3.387
2019-11-29 19:21:00,2.097,3.385
2019-11-29 19:22:00,2.117,3.381
2019-11-29 19:23:00,2.043,3.385
2019-11-29 19:24:00,2.104,3.382
2019-11-29 19:25:00,2.086,3.378
2019-11-29 19:26:00,2.081,3.372
2019-11-29 19:27:00,2.08,3.367
2019-11-29 19:28:00,2.059,3.367
2019-11-29 19:29:00,2.055,3.362
2019-11-29 19:30:00,2.089,3.361
2019-11-29 19:31:00,2.048,3.36
2019-11-29 19:32:00,2.06,3.347
2019-11-29 19:33:00,2.039,3.346
2019-11-29 19:34:00,2.039,3.346
2019-11-29 19:35:00,2.033,3.34
2019-11-29 19:36:00,2.013,3.328
2019-11-29 19:37:00,2.006,3.324
2019-11-29 19:38:00,2,3.322
2019-11-29 19:39:00,2.025,3.311
2019-11-29 19:40:00,1.981,3.305
2019-11-29 19:41:00,1.998,3.308
2019-11-29 19:42:00,2.012,3.306
2019-11-29 19:43:00,1.996,3.3
2019-11-29 19:44:00,2.008,3.299
2019-11-29 19:45:00,2.004,3.29
2019-11-29 19:46:00,1.988,3.285
2019-11-29 19:47:00,1.99,3.28
2019-11-29 19:48:00,1.983,3.282
2019-11-29 19:49:00,2.009,3.287
2019-11-29 19:50:00,2.002,3.283
2019-11-29 19:51:00,1.992,3.282
2019-11-29 19:52:00,1.979,3.288
2019-11-29 19:53:00,2.005,3.287
2019-11-29 19:54:00,1.991,3.282
2019-11-29 19:55:00,1.995,3.28
2019-11-29 19:56:00,1.956,3.279
2019-11-29 19:57:00,1.963,3.273
2019-11-29 19:58:00,1.961,3.264
2019-11-29 19:59:00,1.943,3.26
2019-11-29 20:00:00,1.969,3.25
2019-11-29 20:01:00,1.961,3.243
2019-11-29 20:02:00,1.944,3.243
2019-11-29 20:03:00,1.954,3.24
2019-11-29 20:04:00,1.935,3.242
2019-11-29 20:05:00,1.973,3.247
2019-11-29 20:06:00,1.963,3.245
2019-11-29 20:07:00,1.926,3.241
2019-11-29 20:08:00,1.907,3.235
2019-11-29 20:09:00,1.939,3.227
2019-11-29 20:10:00,1.907,3.224
2019-11-29 20:11:00,1.941,3.221
2019-11-29 20:12:00,1.938,3.226
2019-11-29 20:13:00,1.935,3.229
2019-11-29 20:14:00,1.928,3.227
2019-11-29 20:15:00,1.925,3.221
2019-11-29 20:16:00,1.904,3.221
2019-11-29 20:17:00,1.923,3.218
2019-11-29 20:18:00,1.904,3.215
2019-11-29 20:19:00,1.882,3.21
2019-11-29 20:20:00,1.872,3.206
2019-11-29 20:21:00,1.881,3.199
2019-11-29 20:22:00,1.874,3.194
2019-11-29 20:23:00,1.895,3.187
2019-11-29 20:24:00,1.885,3.178
2019-11-29 20:25:00,1.859,3.176
2019-11-29 20:26:00,1.861,3.172
2019-11-29 20:27:00,1.89,3.168
2019-11-29 20:28:00,1.858,3.167
2019-11-29 20:29:00,1.866,3.164
2019-11-29 20:30:00,1.871,3.164
2019-11-29 20:31:00,1.874,3.168
2019-11-29 20:32:00,1.901,3.173
2019-11-29 20:33:00,1.872,3.177
2019-11-29 20:34:00,1.893,3.177
2019-11-29 20:35:00,1.889,3.18
2019-11-29 20:36:00,1.862,3.187
2019-11-29 20:37:00,1.882,3.183
2019-11-29 20:38:00,1.881,3.179
2019-11-29 20:39:00,1.877,3.176
2019-11-29 20:40:00,1.86,3.177
2019-11-29 20:41:00,1.868,3.173
2019-11-29 20:42:00,1.861,3.17
2019-11-29 20:43:00,1.86,3.167
2019-11-29 20:44:00,1.839,3.159
2019-11-29 20:45:00,1.847,3.155
2019-11-29 20:46:00,1.851,3.149
2019-11-29 20:47:00,1.828,3.149
2019-11-29 20:48:00,1.81,3.148
2019-11-29 20:49:00,1.832,3.146
2019-11-29 20:50:00,1.798,3.142
2019-11-29 20:51:00,1.837,3.137
2019-11-29 20:52:00,1.813,3.135
2019-11-29 20:53:00,1.829,3.13
2019-11-29 20:54:00,1.809,3.127
2019-11-29 20:55:00,1.796,3.121
2019-11-29 20:56:00,1.799,3.119
2019-11-29 20:57:00,1.811,3.115
2019-11-29 20:58:00,1.811,3.113
2019-11-29 20:59:00,1.824,3.116
2019-11-29 21:00:00,1.815,3.115
2019-11-29 21:01:00,1.818,3.111
2019-11-29 21:02:00,1.804,3.109
2019-11-29 21:03:00,1.812,3.108
2019-11-29 21:04:00,1.788,3.11
2019-11-29 21:05:00,1.8,3.106
2019-11-29 21:06:00,1.803,3.107
2019-11-29 21:07:00,1.803,3.111
2019-11-29 21:08:00,1.81,3.112
2019-11-29 21:09:00,1.815,3.118
2019-11-29 21:10:00,1.811,3.122
2019-11-29 21:11:00,1.823,3.12
2019-11-29 21:12:00,1.82,3.113
2019-11-29 21:13:00,1.806,3.111
2019-11-29 21:14:00,1.76,3.115
2019-11-29 21:15:00,1.788,3.109
2019-11-29 21:16:00,1.788,3.104
2019-11-29 21:17:00,1.79,3.11
2019-11-29 21:18:00,1.793,3.111
2019-11-29 21:19:00,1.778,3.108
2019-11-29 21:20:00,1.797,3.101
2019-11-29 21:21:00,1.776,3.103
2019-11-29 21:22:00,1.797,3.103
2019-11-29 21:23:00,1.81,3.101
2019-11-29 21:24:00,1.794,3.097
2019-11-29 21:25:00,1.793,3.094
2019-11-29 21:26:00,1.779,3.092
2019-11-29 21:27:00,1.789,3.086
2019-11-29 21:28:00,1.798,3.085
2019-11-29 21:29:00,1.782,3.087
2019-11-29 21:30:00,1.788,3.085
2019-11-29 21:31:00,1.783,3.087
2019-11-29 21:32:00,1.801,3.089
2019-11-29 21:33:00,1.763,3.092
2019-11-29 21:34:00,1.774,3.083
2019-11-29 21:35:00,1.767,3.078
2019-11-29 21:36:00,1.768,3.078
2019-11-29 21:37:00,1.777,3.08
2019-11-29 21:38:00,1.806,3.081
2019-11-29 21:39:00,1.776,3.08
2019-11-29 21:40:00,1.776,3.079
2019-11-29 21:41:00,1.78,3.079
2019-11-29 21:42:00,1.785,3.084
2019-11-29 21:43:00,1.776,3.088
2019-11-29 21:44:00,1.784,3.088
2019-11-29 21:45:00,1.803,3.091
2019-11-29 21:46:00,1.794,3.098
2019-11-29 21:47:00,1.81,3.105
2019-11-29 21:48:00,1.792,3.109
2019-11-29 21:49:00,1.784,3.106
2019-11-29 21:50:00,1.809,3.108
2019-11-29 21:51:00,1.805,3.111
2019-11-29 21:52:00,1.808,3.106
2019-11-29 21:53:00,1.788,3.106
2019-11-29 21:54:00,1.812,3.109
2019-11-29 21:55:00,1.791,3.109
2019-11-29 21:56:00,1.787,3.106
2019-11-29 21:57:00,1.784,3.105
2019-11-29 21:58:00,1.771,3.102
2019-11-29 21:59:00,1.79,3.097
2019-11-29 22:00:00,1.802,3.096
2019-11-29 22:01:00,1.766,3.099
2019-11-29 22:02:00,1.772,3.098
2019-11-29 22:03:00,1.793,3.097
2019-11-29 22:04:00,1.791,3.1
2019-11-29 22:05:00,1.774,3.106
2019-11-29 22:06:00,1.785,3.106
2019-11-29 22:07:00,1.77,3.102
2019-11-29 22:08:00,1.775,3.098
2019-11-29 22:09:00,1.773,3.095
2019-11-29 22:10:00,1.801,3.092
2019-11-29 22:11:00,1.795,3.095
2019-11-29 22:12:00,1.791,3.098
2019-11-29 22:13:00,1.805,3.101
2019-11-29 22:14:00,1.792,3.104
2019-11-29 22:15:00,1.786,3.107
2019-11-29 22:16:00,1.787,3.106
2019-11-29 22:17:00,1.786,3.105
2019-11-29 22:18:00,1.816,3.108
2019-11-29 22:19:00,1.796,3.112
2019-11-29 22:20:00,1.805,3.107
2019-11-29 22:21:00,1.812,3.107
2019-11-29 22:22:00,1.791,3.114
2019-11-29 22:23:00,1.819,3.118
2019-11-29 22:24:00,1.821,3.118
2019-11-29 22:25:00,1.82,3.122
2019-11-29 22:26:00,1.816,3.13
2019-11-29 22:27:00,1.84,3.136
2019-11-29 22:28:00,1.841,3.139
2019-11-29 22:29:00,1.823,3.144
2019-11-29 22:30:00,1.834,3.142
2019-11-29 22:31:00,1.86,3.143
2019-11-29 22:32:00,1.867,3.149
2019-11-29 22:33:00,1.859,3.154
2019-11-29 22:34:00,1.851,3.157
2019-11-29 22:35:00,1.847,3.16
2019-11-29 22:36:00,1.833,3.158
2019-11-29 22:37:00,1.844,3.154
2019-11-29 22:38:00,1.825,3.155
2019-11-29 22:39:00,1.854,3.153
2019-11-29 22:40:00,1.865,3.154
2019-11-29 22:41:00,1.842,3.156
2019-11-29 22:42:00,1.867,3.156
2019-11-29 22:43:00,1.86,3.164
2019-11-29 22:44:00,1.842,3.164
2019-11-29 22:45:00,1.857,3.162
2019-11-29 22:46:00,1.854,3.164
2019-11-29 22:47:00,1.847,3.16
2019-11-29 22:48:00,1.856,3.158
2019-11-29 22:49:00,1.846,3.16
2019-11-29 22:50:00,1.844,3.164
2019-11-29 22:51:00,1.848,3.165
2019-11-29 22:52:00,1.86,3.158
2019-11-29 22:53:00,1.851,3.158
2019-11-29 22:54:00,1.862,3.156
2019-11-29 22:55:00,1.868,3.159
2019-11-29 22:56:00,1.879,3.173
2019-11-29 22:57:00,1.871,3.179
2019-11-29 22:58:00,1.894,3.181
2019-11-29 22:59:00,1.892,3.19
2019-11-29 23:00:00,1.899,3.191
2019-11-29 23:01:00,1.888,3.195
2019-11-29 23:02:00,1.913,3.201
2019-11-29 23:03:00,1.908,3.201
2019-11-29 23:04:00,1.911,3.201
2019-11-29 23:05:00,1.907,3.207
2019-11-29 23:06:00,1.936,3.213
2019-11-29 23:07:00,1.904,3.217
2019-11-29 23:08:00,1.928,3.219
2019-11-29 23:09:00,1.928,3.222
2019-11-29 23:10:00,1.916,3.226
2019-11-29 23:11:00,1.941,3.222
2019-11-29 23:12:00,1.94,3.229
2019-11-29 23:13:00,1.935,3.235
2019-11-29 23:14:00,1.968,3.238
2019-11-29 23:15:00,1.925,3.241
2019-11-29 23:16:00,1.94,3.236
2019-11-29 23:17:00,1.952,3.239
2019-11-29 23:18:00,1.95,3.246
2019-11-29 23:19:00,1.975,3.252
2019-11-29 23:20:00,1.948,3.256
2019-11-29 23:21:00,1.973,3.256
2019-11-29 23:22:00,1.969,3.256
2019-11-29 23:23:00,1.949,3.262
2019-11-29 23:24:00,1.983,3.264
2019-11-29 23:25:00,1.973,3.269
2019-11-29 23:26:00,1.985,3.273
2019-11-29 23:27:00,1.974,3.275
2019-11-29 23:28:00,1.984,3.273
2019-11-29 23:29:00,1.991,3.272
2019-11-29 23:30:00,1.989,3.283
2019-11-29 23:31:00,1.976,3.288
2019-11-29 23:32:00,2.005,3.286
2019-11-29 23:33:00,1.996,3.288
2019-11-29 23:34:00,2.004,3.292
2019-11-29 23:35:00,1.985,3.297
2019-11-29 23:36:00,1.997,3.3
2019-11-29 23:37:00,1.99,3.304
2019-11-29 23:38:00,1.999,3.309
2019-11-29 23:39:00,2.002,3.315
2019-11-29 23:40:00,2.04,3.322
2019-11-29 23:41:00,2.017,3.329
2019-11-29 23:42:00,2.041,3.335
2019-11-29 23:43:00,2.036,3.346
2019-11-29 23:44:00,2.055,3.352
2019-11-29 23:45:00,2.029,3.354
2019-11-29 23:46:00,2.074,3.357
2019-11-29 23:47:00,2.088,3.356
2019-11-29 23:48:00,2.06,3.364
2019-11-29 23:49:00,2.058,3.368
2019-11-29 23:50:00,2.079,3.367
2019-11-29 23:51:00,2.069,3.369
2019-11-29 23:52:00,2.067,3.372
2019-11-29 23:53:00,2.1,3.375
2019-11-29 23:54:00,2.061,3.383
2019-11-29 23:55:00,2.085,3.385
2019-11-29 23:56:00,2.089,3.392
2019-11-29 23:57:00,2.101,3.396
2019-11-29 23:58:00,2.102,3.401
2019-11-29 23:59:00,2.104,3.398
2019-11-30 00:00:00,2.121,3.401
